-- phpMyAdmin SQL Dump
-- version 4.5.1
-- http://www.phpmyadmin.net
--
-- Host: 127.0.0.1
-- Generation Time: Jan 25, 2016 at 06:40 PM
-- Server version: 10.1.9-MariaDB
-- PHP Version: 5.6.15

SET SQL_MODE = "NO_AUTO_VALUE_ON_ZERO";
SET time_zone = "+00:00";


/*!40101 SET @OLD_CHARACTER_SET_CLIENT=@@CHARACTER_SET_CLIENT */;
/*!40101 SET @OLD_CHARACTER_SET_RESULTS=@@CHARACTER_SET_RESULTS */;
/*!40101 SET @OLD_COLLATION_CONNECTION=@@COLLATION_CONNECTION */;
/*!40101 SET NAMES utf8mb4 */;

--
-- Database: `affiliete`
--

-- --------------------------------------------------------

--
-- Table structure for table `accounts`
--

CREATE TABLE `accounts` (
  `id` int(10) UNSIGNED NOT NULL,
  `balance` decimal(10,5) NOT NULL,
  `roi_balance` decimal(10,2) NOT NULL,
  `user_id` int(10) UNSIGNED NOT NULL,
  `acc_type` tinyint(4) NOT NULL
) ENGINE=InnoDB DEFAULT CHARSET=utf8 COLLATE=utf8_unicode_ci;

--
-- Dumping data for table `accounts`
--

INSERT INTO `accounts` (`id`, `balance`, `roi_balance`, `user_id`, `acc_type`) VALUES
(1, '5100.00000', '1667.00', 1, 0),
(2, '49336.00000', '1900.95', 2, 0),
(3, '1930.00000', '0.00', 3, 0),
(4, '3077.00000', '491.36', 4, 0),
(5, '9770.25000', '11407.78', 5, 0),
(6, '3280.00000', '0.00', 6, 0),
(7, '2352.00000', '0.00', 7, 0),
(8, '2300.00000', '0.00', 8, 0),
(9, '2541.00000', '0.00', 9, 0),
(10, '2461.00000', '0.00', 10, 0),
(11, '16928.00000', '12525.00', 11, 0);

-- --------------------------------------------------------

--
-- Table structure for table `carries`
--

CREATE TABLE `carries` (
  `id` int(10) UNSIGNED NOT NULL,
  `user_id` int(10) UNSIGNED NOT NULL,
  `left_carry` int(10) UNSIGNED NOT NULL,
  `right_carry` int(10) UNSIGNED NOT NULL,
  `matching_qualify` tinyint(4) NOT NULL
) ENGINE=InnoDB DEFAULT CHARSET=utf8 COLLATE=utf8_unicode_ci;

--
-- Dumping data for table `carries`
--

INSERT INTO `carries` (`id`, `user_id`, `left_carry`, `right_carry`, `matching_qualify`) VALUES
(1, 2, 0, 10000, 1),
(2, 3, 4500, 0, 1),
(3, 4, 0, 9300, 1),
(4, 5, 4000, 0, 0),
(5, 1, 10700, 4500, 1),
(6, 6, 0, 0, 0),
(7, 7, 0, 2800, 1),
(8, 8, 0, 0, 0),
(9, 9, 4000, 0, 0),
(10, 10, 0, 0, 0),
(11, 11, 0, 0, 0);

-- --------------------------------------------------------

--
-- Table structure for table `deposits`
--

CREATE TABLE `deposits` (
  `id` int(10) UNSIGNED NOT NULL,
  `user_id` int(10) UNSIGNED NOT NULL,
  `amount` int(11) NOT NULL,
  `pmnt_method` varchar(6) COLLATE utf8_unicode_ci NOT NULL,
  `pmnt_account` varchar(50) COLLATE utf8_unicode_ci NOT NULL,
  `rcvd_date` timestamp NOT NULL DEFAULT '0000-00-00 00:00:00'
) ENGINE=InnoDB DEFAULT CHARSET=utf8 COLLATE=utf8_unicode_ci;

--
-- Dumping data for table `deposits`
--

INSERT INTO `deposits` (`id`, `user_id`, `amount`, `pmnt_method`, `pmnt_account`, `rcvd_date`) VALUES
(1, 5, 700, 'wb', 'Wallet Balance', '2016-01-22 12:31:10'),
(2, 5, 2000, 'wb', 'Wallet Balance', '2016-01-22 13:01:29'),
(3, 5, 300, 'wb', 'Wallet Balance', '2016-01-23 02:36:11'),
(4, 5, 700, 'wb', 'Wallet Balance', '2016-01-23 02:36:44'),
(5, 5, 300, 'wb', 'Wallet Balance', '2016-01-23 02:37:49'),
(6, 5, 300, 'wb', 'Wallet Balance', '2016-01-23 03:03:10'),
(7, 2, 700, 'wb', 'Wallet Balance', '2016-01-23 03:23:49'),
(8, 7, 1000, 'wb', 'Wallet Balance', '2016-01-23 03:24:53'),
(9, 11, 4000, 'wb', 'Wallet Balance', '2016-01-23 03:26:37'),
(10, 10, 700, 'wb', 'Wallet Balance', '2016-01-23 03:54:31'),
(11, 10, 700, 'wb', 'Wallet Balance', '2016-01-23 03:55:16'),
(12, 10, 700, 'wb', 'Wallet Balance', '2016-01-23 03:55:22'),
(13, 10, 700, 'wb', 'Wallet Balance', '2016-01-23 03:55:33'),
(14, 7, 700, 'wb', 'Wallet Balance', '2016-01-23 05:10:12'),
(15, 4, 700, 'wb', 'Wallet Balance', '2016-01-23 05:11:34'),
(16, 5, 700, 'wb', 'Wallet Balance', '2016-01-24 07:30:28'),
(17, 5, 300, 'wb', 'Wallet Balance', '2016-01-25 11:13:59');

-- --------------------------------------------------------

--
-- Table structure for table `downlines`
--

CREATE TABLE `downlines` (
  `id` int(10) UNSIGNED NOT NULL,
  `user_id` int(10) UNSIGNED NOT NULL,
  `left_member_id` int(10) UNSIGNED NOT NULL,
  `right_member_id` int(10) UNSIGNED NOT NULL
) ENGINE=InnoDB DEFAULT CHARSET=utf8 COLLATE=utf8_unicode_ci;

--
-- Dumping data for table `downlines`
--

INSERT INTO `downlines` (`id`, `user_id`, `left_member_id`, `right_member_id`) VALUES
(1, 1, 2, 3),
(2, 2, 6, 4),
(3, 3, 7, 8),
(4, 4, 0, 5),
(5, 5, 9, 0),
(6, 6, 0, 0),
(7, 7, 0, 10),
(8, 8, 0, 0),
(9, 9, 11, 0),
(10, 10, 0, 0),
(11, 11, 0, 0);

-- --------------------------------------------------------

--
-- Table structure for table `migrations`
--

CREATE TABLE `migrations` (
  `migration` varchar(255) COLLATE utf8_unicode_ci NOT NULL,
  `batch` int(11) NOT NULL
) ENGINE=InnoDB DEFAULT CHARSET=utf8 COLLATE=utf8_unicode_ci;

--
-- Dumping data for table `migrations`
--

INSERT INTO `migrations` (`migration`, `batch`) VALUES
('2014_10_12_000000_create_users_table', 1),
('2014_10_12_100000_create_password_resets_table', 1),
('2016_01_12_072403_create_roles_permissions_tables', 2),
('2016_01_13_105009_create_news_table', 3),
('2016_01_13_105437_create_withdrawals_table', 3),
('2016_01_14_052752_create_news_table', 4),
('2016_01_14_052911_create_withdrawals_table', 5),
('2016_01_14_053023_create_supports_table', 6),
('2016_01_14_053158_create_accounts_table', 7),
('2016_01_14_053321_create_deposits_table', 8),
('2016_01_14_053702_create_roirecords_table', 9),
('2016_01_14_053841_create_downlines_table', 10),
('2016_01_14_054022_create_carries_table', 11),
('2016_01_14_054156_create_transactions_table', 12);

-- --------------------------------------------------------

--
-- Table structure for table `news`
--

CREATE TABLE `news` (
  `id` int(10) UNSIGNED NOT NULL,
  `user_id` int(10) UNSIGNED NOT NULL,
  `headline` varchar(255) COLLATE utf8_unicode_ci NOT NULL,
  `news` text COLLATE utf8_unicode_ci NOT NULL,
  `upload_date` timestamp NOT NULL DEFAULT '0000-00-00 00:00:00'
) ENGINE=InnoDB DEFAULT CHARSET=utf8 COLLATE=utf8_unicode_ci;

-- --------------------------------------------------------

--
-- Table structure for table `password_resets`
--

CREATE TABLE `password_resets` (
  `email` varchar(255) COLLATE utf8_unicode_ci NOT NULL,
  `token` varchar(255) COLLATE utf8_unicode_ci NOT NULL,
  `created_at` timestamp NOT NULL DEFAULT '0000-00-00 00:00:00'
) ENGINE=InnoDB DEFAULT CHARSET=utf8 COLLATE=utf8_unicode_ci;

-- --------------------------------------------------------

--
-- Table structure for table `permissions`
--

CREATE TABLE `permissions` (
  `id` int(10) UNSIGNED NOT NULL,
  `name` varchar(255) COLLATE utf8_unicode_ci NOT NULL,
  `label` varchar(255) COLLATE utf8_unicode_ci DEFAULT NULL,
  `created_at` timestamp NOT NULL DEFAULT '0000-00-00 00:00:00',
  `updated_at` timestamp NOT NULL DEFAULT '0000-00-00 00:00:00'
) ENGINE=InnoDB DEFAULT CHARSET=utf8 COLLATE=utf8_unicode_ci;

--
-- Dumping data for table `permissions`
--

INSERT INTO `permissions` (`id`, `name`, `label`, `created_at`, `updated_at`) VALUES
(1, 'edit topic', 'User will be able to edit topic', '2016-01-12 04:13:01', '2016-01-12 04:13:01'),
(2, 'delete', 'User can delete', '2016-01-12 04:22:22', '2016-01-12 04:22:22');

-- --------------------------------------------------------

--
-- Table structure for table `permission_role`
--

CREATE TABLE `permission_role` (
  `role_id` int(10) UNSIGNED NOT NULL,
  `permission_id` int(10) UNSIGNED NOT NULL
) ENGINE=InnoDB DEFAULT CHARSET=utf8 COLLATE=utf8_unicode_ci;

--
-- Dumping data for table `permission_role`
--

INSERT INTO `permission_role` (`role_id`, `permission_id`) VALUES
(1, 1),
(3, 2);

-- --------------------------------------------------------

--
-- Table structure for table `roirecords`
--

CREATE TABLE `roirecords` (
  `id` int(10) UNSIGNED NOT NULL,
  `deposit_id` int(10) UNSIGNED NOT NULL,
  `amount` decimal(10,2) NOT NULL,
  `pmnt_date` timestamp NOT NULL DEFAULT '0000-00-00 00:00:00',
  `terms` varchar(255) COLLATE utf8_unicode_ci NOT NULL,
  `status` varchar(255) COLLATE utf8_unicode_ci NOT NULL
) ENGINE=InnoDB DEFAULT CHARSET=utf8 COLLATE=utf8_unicode_ci;

--
-- Dumping data for table `roirecords`
--

INSERT INTO `roirecords` (`id`, `deposit_id`, `amount`, `pmnt_date`, `terms`, `status`) VALUES
(1, 1, '140.00', '2016-02-22 12:31:11', '1', '0'),
(2, 1, '140.00', '2016-03-22 12:31:11', '2', '0'),
(3, 1, '140.00', '2016-04-22 12:31:11', '3', '0'),
(4, 1, '140.00', '2016-05-22 12:31:11', '4', '0'),
(5, 1, '140.00', '2016-06-22 12:31:11', '5', '0'),
(6, 1, '140.00', '2016-07-22 12:31:11', '6', '0'),
(7, 1, '140.00', '2016-08-22 12:31:11', '7', '0'),
(8, 1, '140.00', '2016-09-22 12:31:11', '8', '0'),
(9, 1, '140.00', '2016-10-22 12:31:11', '9', '0'),
(10, 1, '140.00', '2016-11-22 12:31:11', '10', '0'),
(11, 1, '400.00', '2016-02-22 13:01:29', '1', '0'),
(12, 1, '400.00', '2016-03-22 13:01:29', '2', '0'),
(13, 1, '400.00', '2016-04-22 13:01:29', '3', '0'),
(14, 1, '400.00', '2016-05-22 13:01:29', '4', '0'),
(15, 1, '400.00', '2016-06-22 13:01:29', '5', '0'),
(16, 1, '400.00', '2016-07-22 13:01:29', '6', '0'),
(17, 1, '400.00', '2016-08-22 13:01:29', '7', '0'),
(18, 1, '400.00', '2016-09-22 13:01:29', '8', '0'),
(19, 1, '400.00', '2016-10-22 13:01:29', '9', '0'),
(20, 1, '400.00', '2016-11-22 13:01:29', '10', '0'),
(21, 1, '60.00', '2016-02-23 02:36:11', '1', '0'),
(22, 1, '60.00', '2016-03-23 02:36:11', '2', '0'),
(23, 1, '60.00', '2016-04-23 02:36:11', '3', '0'),
(24, 1, '60.00', '2016-05-23 02:36:11', '4', '0'),
(25, 1, '60.00', '2016-06-23 02:36:11', '5', '0'),
(26, 1, '60.00', '2016-07-23 02:36:11', '6', '0'),
(27, 1, '60.00', '2016-08-23 02:36:11', '7', '0'),
(28, 1, '60.00', '2016-09-23 02:36:11', '8', '0'),
(29, 1, '60.00', '2016-10-23 02:36:11', '9', '0'),
(30, 1, '60.00', '2016-11-23 02:36:11', '10', '0'),
(31, 1, '140.00', '2016-02-23 02:36:44', '1', '0'),
(32, 1, '140.00', '2016-03-23 02:36:44', '2', '0'),
(33, 1, '140.00', '2016-04-23 02:36:44', '3', '0'),
(34, 1, '140.00', '2016-05-23 02:36:44', '4', '0'),
(35, 1, '140.00', '2016-06-23 02:36:44', '5', '0'),
(36, 1, '140.00', '2016-07-23 02:36:44', '6', '0'),
(37, 1, '140.00', '2016-08-23 02:36:44', '7', '0'),
(38, 1, '140.00', '2016-09-23 02:36:44', '8', '0'),
(39, 1, '140.00', '2016-10-23 02:36:44', '9', '0'),
(40, 1, '140.00', '2016-11-23 02:36:44', '10', '0'),
(41, 1, '60.00', '2016-02-23 02:37:50', '1', '0'),
(42, 1, '60.00', '2016-03-23 02:37:50', '2', '0'),
(43, 1, '60.00', '2016-04-23 02:37:50', '3', '0'),
(44, 1, '60.00', '2016-05-23 02:37:50', '4', '0'),
(45, 1, '60.00', '2016-06-23 02:37:50', '5', '0'),
(46, 1, '60.00', '2016-07-23 02:37:50', '6', '0'),
(47, 1, '60.00', '2016-08-23 02:37:50', '7', '0'),
(48, 1, '60.00', '2016-09-23 02:37:50', '8', '0'),
(49, 1, '60.00', '2016-10-23 02:37:50', '9', '0'),
(50, 1, '60.00', '2016-11-23 02:37:50', '10', '0'),
(51, 1, '60.00', '2016-02-23 03:03:11', '1', '0'),
(52, 1, '60.00', '2016-03-23 03:03:11', '2', '0'),
(53, 1, '60.00', '2016-04-23 03:03:11', '3', '0'),
(54, 1, '60.00', '2016-05-23 03:03:11', '4', '0'),
(55, 1, '60.00', '2016-06-23 03:03:11', '5', '0'),
(56, 1, '60.00', '2016-07-23 03:03:11', '6', '0'),
(57, 1, '60.00', '2016-08-23 03:03:11', '7', '0'),
(58, 1, '60.00', '2016-09-23 03:03:11', '8', '0'),
(59, 1, '60.00', '2016-10-23 03:03:11', '9', '0'),
(60, 1, '60.00', '2016-11-23 03:03:11', '10', '0'),
(61, 7, '140.00', '2016-02-23 03:23:50', '1', '0'),
(62, 7, '140.00', '2016-03-23 03:23:50', '2', '0'),
(63, 7, '140.00', '2016-04-23 03:23:50', '3', '0'),
(64, 7, '140.00', '2016-05-23 03:23:50', '4', '0'),
(65, 7, '140.00', '2016-06-23 03:23:50', '5', '0'),
(66, 7, '140.00', '2016-07-23 03:23:50', '6', '0'),
(67, 7, '140.00', '2016-08-23 03:23:50', '7', '0'),
(68, 7, '140.00', '2016-09-23 03:23:50', '8', '0'),
(69, 7, '140.00', '2016-10-23 03:23:50', '9', '0'),
(70, 7, '140.00', '2016-11-23 03:23:50', '10', '0'),
(71, 8, '200.00', '2016-02-23 03:24:54', '1', '0'),
(72, 8, '200.00', '2016-03-23 03:24:54', '2', '0'),
(73, 8, '200.00', '2016-04-23 03:24:54', '3', '0'),
(74, 8, '200.00', '2016-05-23 03:24:54', '4', '0'),
(75, 8, '200.00', '2016-06-23 03:24:54', '5', '0'),
(76, 8, '200.00', '2016-07-23 03:24:54', '6', '0'),
(77, 8, '200.00', '2016-08-23 03:24:54', '7', '0'),
(78, 8, '200.00', '2016-09-23 03:24:54', '8', '0'),
(79, 8, '200.00', '2016-10-23 03:24:54', '9', '0'),
(80, 8, '200.00', '2016-11-23 03:24:54', '10', '0'),
(81, 9, '800.00', '2016-02-23 03:26:37', '1', '0'),
(82, 9, '800.00', '2016-03-23 03:26:37', '2', '0'),
(83, 9, '800.00', '2016-04-23 03:26:37', '3', '0'),
(84, 9, '800.00', '2016-05-23 03:26:37', '4', '0'),
(85, 9, '800.00', '2016-06-23 03:26:37', '5', '0'),
(86, 9, '800.00', '2016-07-23 03:26:37', '6', '0'),
(87, 9, '800.00', '2016-08-23 03:26:37', '7', '0'),
(88, 9, '800.00', '2016-09-23 03:26:37', '8', '0'),
(89, 9, '800.00', '2016-10-23 03:26:37', '9', '0'),
(90, 9, '800.00', '2016-11-23 03:26:37', '10', '0'),
(91, 10, '140.00', '2016-02-23 03:54:31', '1', '0'),
(92, 10, '140.00', '2016-03-23 03:54:31', '2', '0'),
(93, 10, '140.00', '2016-04-23 03:54:31', '3', '0'),
(94, 10, '140.00', '2016-05-23 03:54:31', '4', '0'),
(95, 10, '140.00', '2016-06-23 03:54:31', '5', '0'),
(96, 10, '140.00', '2016-07-23 03:54:31', '6', '0'),
(97, 10, '140.00', '2016-08-23 03:54:31', '7', '0'),
(98, 10, '140.00', '2016-09-23 03:54:31', '8', '0'),
(99, 10, '140.00', '2016-10-23 03:54:31', '9', '0'),
(100, 10, '140.00', '2016-11-23 03:54:31', '10', '0'),
(101, 10, '140.00', '2016-02-23 03:55:16', '1', '0'),
(102, 10, '140.00', '2016-03-23 03:55:17', '2', '0'),
(103, 10, '140.00', '2016-04-23 03:55:17', '3', '0'),
(104, 10, '140.00', '2016-05-23 03:55:17', '4', '0'),
(105, 10, '140.00', '2016-06-23 03:55:17', '5', '0'),
(106, 10, '140.00', '2016-07-23 03:55:17', '6', '0'),
(107, 10, '140.00', '2016-08-23 03:55:17', '7', '0'),
(108, 10, '140.00', '2016-09-23 03:55:17', '8', '0'),
(109, 10, '140.00', '2016-10-23 03:55:17', '9', '0'),
(110, 10, '140.00', '2016-11-23 03:55:17', '10', '0'),
(111, 10, '140.00', '2016-02-23 03:55:23', '1', '0'),
(112, 10, '140.00', '2016-03-23 03:55:23', '2', '0'),
(113, 10, '140.00', '2016-04-23 03:55:23', '3', '0'),
(114, 10, '140.00', '2016-05-23 03:55:23', '4', '0'),
(115, 10, '140.00', '2016-06-23 03:55:23', '5', '0'),
(116, 10, '140.00', '2016-07-23 03:55:23', '6', '0'),
(117, 10, '140.00', '2016-08-23 03:55:23', '7', '0'),
(118, 10, '140.00', '2016-09-23 03:55:23', '8', '0'),
(119, 10, '140.00', '2016-10-23 03:55:23', '9', '0'),
(120, 10, '140.00', '2016-11-23 03:55:23', '10', '0'),
(121, 10, '140.00', '2016-02-23 03:55:33', '1', '0'),
(122, 10, '140.00', '2016-03-23 03:55:33', '2', '0'),
(123, 10, '140.00', '2016-04-23 03:55:33', '3', '0'),
(124, 10, '140.00', '2016-05-23 03:55:33', '4', '0'),
(125, 10, '140.00', '2016-06-23 03:55:33', '5', '0'),
(126, 10, '140.00', '2016-07-23 03:55:33', '6', '0'),
(127, 10, '140.00', '2016-08-23 03:55:33', '7', '0'),
(128, 10, '140.00', '2016-09-23 03:55:33', '8', '0'),
(129, 10, '140.00', '2016-10-23 03:55:33', '9', '0'),
(130, 10, '140.00', '2016-11-23 03:55:33', '10', '0'),
(131, 8, '140.00', '2016-02-23 05:10:12', '1', '0'),
(132, 8, '140.00', '2016-03-23 05:10:12', '2', '0'),
(133, 8, '140.00', '2016-04-23 05:10:12', '3', '0'),
(134, 8, '140.00', '2016-05-23 05:10:12', '4', '0'),
(135, 8, '140.00', '2016-06-23 05:10:13', '5', '0'),
(136, 8, '140.00', '2016-07-23 05:10:13', '6', '0'),
(137, 8, '140.00', '2016-08-23 05:10:13', '7', '0'),
(138, 8, '140.00', '2016-09-23 05:10:13', '8', '0'),
(139, 8, '140.00', '2016-10-23 05:10:13', '9', '0'),
(140, 8, '140.00', '2016-11-23 05:10:13', '10', '0'),
(141, 15, '140.00', '2016-02-23 05:11:34', '1', '0'),
(142, 15, '140.00', '2016-03-23 05:11:34', '2', '0'),
(143, 15, '140.00', '2016-04-23 05:11:34', '3', '0'),
(144, 15, '140.00', '2016-05-23 05:11:34', '4', '0'),
(145, 15, '140.00', '2016-06-23 05:11:34', '5', '0'),
(146, 15, '140.00', '2016-07-23 05:11:34', '6', '0'),
(147, 15, '140.00', '2016-08-23 05:11:34', '7', '0'),
(148, 15, '140.00', '2016-09-23 05:11:34', '8', '0'),
(149, 15, '140.00', '2016-10-23 05:11:34', '9', '0'),
(150, 15, '140.00', '2016-11-23 05:11:34', '10', '0'),
(151, 1, '140.00', '2016-02-24 07:30:28', '1', '0'),
(152, 1, '140.00', '2016-03-24 07:30:28', '2', '0'),
(153, 1, '140.00', '2016-04-24 07:30:28', '3', '0'),
(154, 1, '140.00', '2016-05-24 07:30:28', '4', '0'),
(155, 1, '140.00', '2016-06-24 07:30:28', '5', '0'),
(156, 1, '140.00', '2016-07-24 07:30:28', '6', '0'),
(157, 1, '140.00', '2016-08-24 07:30:28', '7', '0'),
(158, 1, '140.00', '2016-09-24 07:30:28', '8', '0'),
(159, 1, '140.00', '2016-10-24 07:30:28', '9', '0'),
(160, 1, '140.00', '2016-11-24 07:30:28', '10', '0'),
(161, 1, '60.00', '2016-02-25 11:13:59', '1', '0'),
(162, 1, '60.00', '2016-03-25 11:13:59', '2', '0'),
(163, 1, '60.00', '2016-04-25 11:13:59', '3', '0'),
(164, 1, '60.00', '2016-05-25 11:13:59', '4', '0'),
(165, 1, '60.00', '2016-06-25 11:13:59', '5', '0'),
(166, 1, '60.00', '2016-07-25 11:13:59', '6', '0'),
(167, 1, '60.00', '2016-08-25 11:13:59', '7', '0'),
(168, 1, '60.00', '2016-09-25 11:13:59', '8', '0'),
(169, 1, '60.00', '2016-10-25 11:13:59', '9', '0'),
(170, 1, '60.00', '2016-11-25 11:13:59', '10', '0');

-- --------------------------------------------------------

--
-- Table structure for table `roles`
--

CREATE TABLE `roles` (
  `id` int(10) UNSIGNED NOT NULL,
  `name` varchar(255) COLLATE utf8_unicode_ci NOT NULL,
  `label` varchar(255) COLLATE utf8_unicode_ci DEFAULT NULL,
  `created_at` timestamp NOT NULL DEFAULT '0000-00-00 00:00:00',
  `updated_at` timestamp NOT NULL DEFAULT '0000-00-00 00:00:00'
) ENGINE=InnoDB DEFAULT CHARSET=utf8 COLLATE=utf8_unicode_ci;

--
-- Dumping data for table `roles`
--

INSERT INTO `roles` (`id`, `name`, `label`, `created_at`, `updated_at`) VALUES
(1, 'admin', 'The admin of the System', '2016-01-12 04:06:08', '2016-01-12 04:06:08'),
(3, 'user', 'The manager of the system', '2016-01-12 04:19:18', '2016-01-12 04:19:18');

-- --------------------------------------------------------

--
-- Table structure for table `role_user`
--

CREATE TABLE `role_user` (
  `role_id` int(10) UNSIGNED NOT NULL,
  `user_id` int(10) UNSIGNED NOT NULL
) ENGINE=InnoDB DEFAULT CHARSET=utf8 COLLATE=utf8_unicode_ci;

--
-- Dumping data for table `role_user`
--

INSERT INTO `role_user` (`role_id`, `user_id`) VALUES
(1, 1),
(3, 2),
(3, 3),
(3, 4),
(3, 5),
(3, 6),
(3, 7),
(3, 8),
(3, 9),
(3, 10),
(3, 11);

-- --------------------------------------------------------

--
-- Table structure for table `supports`
--

CREATE TABLE `supports` (
  `id` int(10) UNSIGNED NOT NULL,
  `subject` varchar(255) COLLATE utf8_unicode_ci NOT NULL,
  `problem_details` varchar(500) COLLATE utf8_unicode_ci NOT NULL,
  `user_id` int(10) UNSIGNED NOT NULL,
  `request_date` timestamp NOT NULL DEFAULT '0000-00-00 00:00:00',
  `response_date` timestamp NOT NULL DEFAULT '0000-00-00 00:00:00',
  `status` varchar(255) COLLATE utf8_unicode_ci NOT NULL
) ENGINE=InnoDB DEFAULT CHARSET=utf8 COLLATE=utf8_unicode_ci;

-- --------------------------------------------------------

--
-- Table structure for table `transactions`
--

CREATE TABLE `transactions` (
  `id` int(10) UNSIGNED NOT NULL,
  `tnx_id` varchar(255) COLLATE utf8_unicode_ci NOT NULL,
  `amount` decimal(10,5) NOT NULL,
  `sign` varchar(255) COLLATE utf8_unicode_ci NOT NULL,
  `purpose` varchar(255) COLLATE utf8_unicode_ci NOT NULL,
  `proce_fee` decimal(10,2) NOT NULL,
  `date` timestamp NOT NULL DEFAULT '0000-00-00 00:00:00',
  `user_id` int(10) UNSIGNED NOT NULL,
  `related_id` int(10) UNSIGNED NOT NULL
) ENGINE=InnoDB DEFAULT CHARSET=utf8 COLLATE=utf8_unicode_ci;

--
-- Dumping data for table `transactions`
--

INSERT INTO `transactions` (`id`, `tnx_id`, `amount`, `sign`, `purpose`, `proce_fee`, `date`, `user_id`, `related_id`) VALUES
(1, 'aa_44210815', '25.00000', '-', '10', '0.00', '2016-01-21 05:20:26', 2, 0),
(2, 'aa_58215332', '25.00000', '-', '10', '0.00', '2016-01-21 05:49:28', 5, 0),
(3, 'aa_26895142', '25.00000', '-', '10', '0.00', '2016-01-21 06:25:43', 4, 0),
(4, 'drc_5963135', '1000.00000', '+', '12', '0.00', '2016-01-22 12:26:08', 2, 5),
(5, 'nd_59530640', '700.00000', '-', '11', '0.00', '2016-01-22 12:31:10', 5, 0),
(6, 'drc_34326172', '70.00000', '+', '12', '0.00', '2016-01-22 12:31:11', 2, 5),
(7, 'nd_4226685', '2000.00000', '-', '11', '0.00', '2016-01-22 13:01:29', 5, 0),
(8, 'drc_96820068', '200.00000', '+', '12', '0.00', '2016-01-22 13:01:29', 3, 5),
(9, 'nd_68746948', '300.00000', '-', '11', '0.00', '2016-01-23 02:36:11', 5, 0),
(10, 'drc_70153808', '30.00000', '+', '12', '0.00', '2016-01-23 02:36:12', 3, 5),
(11, 'nd_15689087', '700.00000', '-', '11', '0.00', '2016-01-23 02:36:44', 5, 0),
(12, 'drc_27471924', '70.00000', '+', '12', '0.00', '2016-01-23 02:36:44', 3, 5),
(13, 'nd_91488647', '300.00000', '-', '11', '0.00', '2016-01-23 02:37:50', 5, 0),
(14, 'drc_55249023', '30.00000', '+', '12', '0.00', '2016-01-23 02:37:50', 3, 5),
(15, 'nd_72317505', '300.00000', '-', '11', '0.00', '2016-01-23 03:03:11', 5, 0),
(16, 'drc_56219482', '30.00000', '+', '12', '0.00', '2016-01-23 03:03:11', 3, 5),
(17, 'nd_56222534', '700.00000', '-', '11', '0.00', '2016-01-23 03:23:50', 2, 0),
(18, 'drc_17492676', '70.00000', '+', '12', '0.00', '2016-01-23 03:23:50', 1, 2),
(19, 'nd_38125610', '1000.00000', '-', '11', '0.00', '2016-01-23 03:24:53', 7, 0),
(20, 'drc_85552978', '100.00000', '+', '12', '0.00', '2016-01-23 03:24:54', 4, 7),
(21, 'nd_84823608', '4000.00000', '-', '11', '0.00', '2016-01-23 03:26:37', 11, 0),
(22, 'drc_41259766', '400.00000', '+', '12', '0.00', '2016-01-23 03:26:37', 7, 11),
(23, 'nd_9988404', '700.00000', '-', '11', '0.00', '2016-01-23 03:54:31', 10, 0),
(24, 'drc_74847412', '70.00000', '+', '12', '0.00', '2016-01-23 03:54:31', 6, 10),
(25, 'nd_49166870', '700.00000', '-', '11', '0.00', '2016-01-23 03:55:16', 10, 0),
(26, 'drc_60925293', '70.00000', '+', '12', '0.00', '2016-01-23 03:55:17', 6, 10),
(27, 'nd_34780884', '700.00000', '-', '11', '0.00', '2016-01-23 03:55:22', 10, 0),
(28, 'drc_33477783', '70.00000', '+', '12', '0.00', '2016-01-23 03:55:23', 6, 10),
(29, 'nd_71127319', '700.00000', '-', '11', '0.00', '2016-01-23 03:55:33', 10, 0),
(30, 'drc_60864258', '70.00000', '+', '12', '0.00', '2016-01-23 03:55:33', 6, 10),
(31, 'nd_9378052', '700.00000', '-', '11', '0.00', '2016-01-23 05:10:12', 7, 0),
(32, 'drc_20819092', '70.00000', '+', '12', '0.00', '2016-01-23 05:10:13', 4, 7),
(33, 'nd_22579956', '700.00000', '-', '11', '0.00', '2016-01-23 05:11:34', 4, 0),
(34, 'drc_75451660', '70.00000', '+', '12', '0.00', '2016-01-23 05:11:34', 1, 4),
(35, 'r2w_46246338', '1000.00000', '-', '7', '0.00', '2016-01-23 13:03:38', 5, 0),
(36, 'r2w_25399781', '1000.00000', '-', '7', '0.00', '2016-01-23 13:04:52', 5, 0),
(37, 'r2w_89062500', '1000.00000', '-', '7', '0.00', '2016-01-23 13:05:51', 5, 0),
(38, 'r2w_45486450', '1500.00000', '-', '7', '0.00', '2016-01-23 13:14:25', 5, 0),
(39, 'r2w_69134521', '1500.00000', '+', '7', '0.00', '2016-01-23 13:14:25', 5, 0),
(40, 'r2w_36071777', '3652.00000', '-', '7', '0.00', '2016-01-23 13:33:56', 5, 0),
(41, 'r2w_50747681', '3652.00000', '+', '7', '0.00', '2016-01-23 13:33:56', 5, 0),
(42, 'r2w_98858642', '500.00000', '-', '7', '0.00', '2016-01-23 13:45:45', 5, 0),
(43, 'r2w_22640991', '500.00000', '+', '7', '0.00', '2016-01-23 13:45:45', 5, 0),
(44, 'r2r_854493', '1000.00000', '-', '7', '0.00', '2016-01-23 14:04:15', 5, 0),
(45, 'r2r_93313598', '1000.00000', '-', '6', '0.00', '2016-01-23 14:25:28', 5, 1),
(46, 'r2r_10812378', '1000.00000', '-', '6', '0.00', '2016-01-23 14:26:00', 5, 1),
(47, 'r2r_17785645', '1000.00000', '+', '6', '0.00', '2016-01-23 14:26:00', 5, 1),
(48, 'r2r_20059204', '100.00000', '-', '6', '0.00', '2016-01-23 14:27:24', 5, 1),
(49, 'r2r_66314697', '100.00000', '+', '6', '0.00', '2016-01-23 14:27:24', 5, 1),
(50, 'r2r_37850952', '1500.00000', '-', '6', '0.00', '2016-01-23 14:28:04', 5, 2),
(51, 'r2r_71240234', '1500.00000', '+', '6', '0.00', '2016-01-23 14:28:04', 5, 2),
(52, 'w2w_27859497', '1000.00000', '-', '5', '0.00', '2016-01-23 14:47:17', 5, 1),
(53, 'w2w_72796631', '1000.00000', '-', '5', '0.00', '2016-01-23 14:48:59', 5, 1),
(54, 'w2w_75631714', '1000.00000', '+', '5', '0.00', '2016-01-23 14:51:35', 5, 1),
(55, 'w2w_95593261', '400.00000', '-', '5', '0.00', '2016-01-23 14:54:25', 5, 11),
(56, 'w2w_63589477', '400.00000', '+', '5', '0.00', '2016-01-23 14:54:26', 5, 11),
(57, 'r2r_23614502', '2500.00000', '-', '6', '0.00', '2016-01-23 14:55:06', 5, 11),
(58, 'r2r_46029663', '2500.00000', '+', '6', '0.00', '2016-01-23 14:55:06', 5, 11),
(59, 'r2w_75219726', '500.00000', '-', '7', '0.00', '2016-01-23 14:57:04', 5, 0),
(60, 'r2w_24124146', '500.00000', '+', '7', '0.00', '2016-01-23 14:57:04', 5, 0),
(61, 'r2w_36889649', '200.00000', '-', '7', '0.00', '2016-01-24 00:37:38', 5, 0),
(62, 'tpf_71145630', '4.00000', '-', '13', '0.00', '2016-01-24 00:37:39', 5, 0),
(63, 'r2w_28485108', '200.00000', '+', '7', '0.00', '2016-01-24 00:37:39', 5, 0),
(64, 'r2w_33175659', '100.00000', '-', '7', '0.00', '2016-01-24 01:12:27', 5, 0),
(65, 'tpf_5383301', '2.00000', '-', '13', '0.00', '2016-01-24 01:12:28', 5, 0),
(66, 'r2w_18203736', '100.00000', '+', '7', '0.00', '2016-01-24 01:12:28', 5, 0),
(67, 'r2w_14068604', '540.00000', '-', '7', '0.00', '2016-01-24 02:06:03', 5, 0),
(68, 'tpf_93026733', '10.80000', '-', '13', '0.00', '2016-01-24 02:06:03', 5, 0),
(69, 'r2w_35400391', '540.00000', '+', '7', '0.00', '2016-01-24 02:06:03', 5, 0),
(70, 'r2w_71316528', '540.00000', '-', '7', '0.00', '2016-01-24 02:06:55', 5, 0),
(71, 'tpf_59613037', '10.80000', '-', '13', '0.00', '2016-01-24 02:06:55', 5, 0),
(72, 'r2w_88619995', '540.00000', '+', '7', '0.00', '2016-01-24 02:06:55', 5, 0),
(73, 'r2w_61315918', '540.00000', '-', '7', '0.00', '2016-01-24 02:15:18', 5, 0),
(74, 'tpf_77359009', '10.80000', '-', '13', '0.00', '2016-01-24 02:15:18', 5, 0),
(75, 'r2w_74493408', '540.00000', '+', '7', '0.00', '2016-01-24 02:15:18', 5, 0),
(76, 'r2w_41830444', '540.00000', '-', '7', '0.00', '2016-01-24 02:15:54', 5, 0),
(77, 'tpf_67504883', '10.80000', '-', '13', '0.00', '2016-01-24 02:15:54', 5, 0),
(78, 'r2w_33206177', '540.00000', '+', '7', '0.00', '2016-01-24 02:15:54', 5, 0),
(79, 'r2w_18084717', '540.00000', '-', '7', '0.00', '2016-01-24 02:17:22', 5, 0),
(80, 'tpf_24533081', '10.80000', '-', '13', '0.00', '2016-01-24 02:17:22', 5, 0),
(81, 'r2w_88342285', '540.00000', '+', '7', '0.00', '2016-01-24 02:17:22', 5, 0),
(82, 'r2w_85733032', '540.00000', '-', '7', '0.00', '2016-01-24 02:17:48', 5, 0),
(83, 'tpf_99761962', '10.80000', '-', '13', '0.00', '2016-01-24 02:17:48', 5, 0),
(84, 'r2w_58602905', '540.00000', '+', '7', '0.00', '2016-01-24 02:17:49', 5, 0),
(85, 'r2w_8203125', '100.00000', '-', '7', '0.00', '2016-01-24 02:19:00', 5, 0),
(86, 'tpf_31814575', '2.00000', '-', '13', '0.00', '2016-01-24 02:19:00', 5, 0),
(87, 'r2w_78900146', '100.00000', '+', '7', '0.00', '2016-01-24 02:19:00', 5, 0),
(88, 'r2w_15914917', '100.00000', '-', '7', '0.00', '2016-01-24 02:23:12', 5, 0),
(89, 'tpf_61462402', '2.00000', '-', '13', '0.00', '2016-01-24 02:23:12', 5, 0),
(90, 'r2w_18325806', '100.00000', '+', '7', '0.00', '2016-01-24 02:23:12', 5, 0),
(91, 'r2w_64874267', '20.00000', '-', '7', '0.00', '2016-01-24 02:24:39', 5, 0),
(92, 'tpf_18344117', '0.40000', '-', '13', '0.00', '2016-01-24 02:24:39', 5, 0),
(93, 'r2w_32495117', '20.00000', '+', '7', '0.00', '2016-01-24 02:24:39', 5, 0),
(94, 'r2w_42141724', '20.00000', '-', '7', '0.00', '2016-01-24 02:24:53', 5, 0),
(95, 'tpf_17059327', '0.40000', '-', '13', '0.00', '2016-01-24 02:24:53', 5, 0),
(96, 'r2w_37765503', '20.00000', '+', '7', '0.00', '2016-01-24 02:24:53', 5, 0),
(97, 'r2w_55676269', '20.00000', '-', '7', '0.00', '2016-01-24 02:30:47', 5, 0),
(98, 'tpf_50137329', '0.40000', '-', '13', '0.00', '2016-01-24 02:30:47', 5, 0),
(99, 'r2w_44830322', '20.00000', '+', '7', '0.00', '2016-01-24 02:30:47', 5, 0),
(100, 'r2w_96054077', '20.00000', '-', '7', '0.00', '2016-01-24 02:31:42', 5, 0),
(101, 'tpf_15380860', '0.40000', '-', '13', '0.00', '2016-01-24 02:31:42', 5, 0),
(102, 'r2w_39187622', '20.00000', '+', '7', '0.00', '2016-01-24 02:31:42', 5, 0),
(103, 'r2w_7562256', '20.00000', '-', '7', '0.00', '2016-01-24 02:32:35', 5, 0),
(104, 'tpf_65084839', '0.40000', '-', '13', '0.00', '2016-01-24 02:32:35', 5, 0),
(105, 'r2w_45983887', '20.00000', '+', '7', '0.00', '2016-01-24 02:32:35', 5, 0),
(106, 'r2w_56167602', '20.00000', '-', '7', '0.00', '2016-01-24 02:34:01', 5, 0),
(107, 'tpf_14630127', '0.40000', '-', '13', '0.00', '2016-01-24 02:34:01', 5, 0),
(108, 'r2w_66732788', '20.00000', '+', '7', '0.00', '2016-01-24 02:34:01', 5, 0),
(109, 'r2w_31860352', '10.00000', '-', '7', '0.00', '2016-01-24 03:39:05', 5, 0),
(110, 'tpf_97952270', '0.20000', '-', '13', '0.00', '2016-01-24 03:39:05', 5, 0),
(111, 'r2w_25408936', '10.00000', '+', '7', '0.00', '2016-01-24 03:39:05', 5, 0),
(112, 'r2w_72872925', '5.00000', '-', '7', '0.00', '2016-01-24 04:18:07', 5, 0),
(113, 'tpf_7385254', '0.10000', '-', '13', '0.00', '2016-01-24 04:18:07', 5, 0),
(114, 'r2w_11416626', '5.00000', '+', '7', '0.00', '2016-01-24 04:18:07', 5, 0),
(115, 'r2w_5380249', '85.00000', '-', '7', '1.70', '2016-01-24 04:32:20', 5, 0),
(116, 'r2w_56933594', '85.00000', '+', '7', '0.00', '2016-01-24 04:32:20', 5, 0),
(117, 'r2w_93435669', '100.00000', '-', '7', '2.00', '2016-01-24 04:33:18', 5, 0),
(118, 'r2w_45599365', '100.00000', '+', '7', '0.00', '2016-01-24 04:33:19', 5, 0),
(119, 'r2w_36129761', '5.00000', '-', '7', '0.10', '2016-01-24 04:40:55', 5, 0),
(120, 'r2w_14880371', '5.00000', '+', '7', '0.00', '2016-01-24 04:40:55', 5, 0),
(121, 'r2w_90884399', '6.00000', '-', '7', '0.12', '2016-01-24 04:42:14', 5, 0),
(122, 'r2w_23760987', '6.00000', '+', '7', '0.00', '2016-01-24 04:42:14', 5, 0),
(123, 'r2w_86996460', '6.00000', '-', '7', '0.12', '2016-01-24 04:42:39', 5, 0),
(124, 'r2w_65600586', '6.00000', '+', '7', '0.00', '2016-01-24 04:42:39', 5, 0),
(125, 'r2w_637818', '6.00000', '-', '7', '0.12', '2016-01-24 04:43:05', 5, 0),
(126, 'r2w_43133545', '6.00000', '+', '7', '0.00', '2016-01-24 04:43:05', 5, 0),
(127, 'r2w_29855347', '6.00000', '-', '7', '0.12', '2016-01-24 04:43:48', 5, 0),
(128, 'r2w_43469238', '6.00000', '+', '7', '0.00', '2016-01-24 04:43:48', 5, 0),
(129, 'r2w_69570923', '6.00000', '-', '7', '0.12', '2016-01-24 04:44:33', 5, 0),
(130, 'r2w_13092041', '6.00000', '+', '7', '0.00', '2016-01-24 04:44:33', 5, 0),
(131, 'r2w_86581421', '6.00000', '-', '7', '0.12', '2016-01-24 04:44:49', 5, 0),
(132, 'r2w_32861328', '6.00000', '+', '7', '0.00', '2016-01-24 04:44:49', 5, 0),
(133, 'r2w_94558715', '6.00000', '-', '7', '0.12', '2016-01-24 04:45:23', 5, 0),
(134, 'r2w_93011474', '6.00000', '+', '7', '0.00', '2016-01-24 04:45:23', 5, 0),
(135, 'r2w_29049683', '6.00000', '-', '7', '0.12', '2016-01-24 04:45:36', 5, 0),
(136, 'r2w_68151855', '6.00000', '+', '7', '0.00', '2016-01-24 04:45:36', 5, 0),
(137, 'r2w_22476197', '6.00000', '-', '7', '0.12', '2016-01-24 04:45:51', 5, 0),
(138, 'r2w_92266845', '6.00000', '+', '7', '0.00', '2016-01-24 04:45:51', 5, 0),
(139, 'r2w_79135132', '1.00000', '-', '7', '0.02', '2016-01-24 04:56:36', 5, 0),
(140, 'r2w_33715820', '1.00000', '+', '7', '0.00', '2016-01-24 04:56:37', 5, 0),
(141, 'r2w_50198364', '52.00000', '-', '7', '1.04', '2016-01-24 04:57:39', 5, 0),
(142, 'r2w_70233154', '52.00000', '+', '7', '0.00', '2016-01-24 04:57:39', 5, 0),
(143, 'r2w_8712769', '52.00000', '-', '7', '1.04', '2016-01-24 04:58:03', 5, 0),
(144, 'r2w_63928223', '52.00000', '+', '7', '0.00', '2016-01-24 04:58:03', 5, 0),
(145, 'r2w_24600220', '250.00000', '-', '7', '5.00', '2016-01-24 05:12:26', 5, 0),
(146, 'r2w_36285401', '250.00000', '+', '7', '0.00', '2016-01-24 05:12:26', 5, 0),
(147, 'r2w_39657593', '1000.00000', '-', '7', '20.00', '2016-01-24 05:40:35', 5, 0),
(148, 'r2w_43164063', '1000.00000', '+', '7', '0.00', '2016-01-24 05:40:35', 5, 0),
(149, 'r2w_42556763', '20.00000', '-', '7', '0.40', '2016-01-24 05:48:54', 5, 0),
(150, 'r2w_49798584', '20.00000', '+', '7', '0.00', '2016-01-24 05:48:54', 5, 0),
(151, 'r2w_43844605', '12.00000', '-', '7', '0.24', '2016-01-24 05:50:14', 5, 0),
(152, 'r2w_5798340', '12.00000', '+', '7', '0.00', '2016-01-24 05:50:15', 5, 0),
(153, 'r2w_50942993', '10.00000', '-', '7', '0.20', '2016-01-24 06:13:10', 5, 0),
(154, 'r2w_20147705', '10.00000', '+', '7', '0.00', '2016-01-24 06:13:10', 5, 0),
(155, 'r2w_43148804', '20.00000', '-', '7', '0.40', '2016-01-24 07:05:47', 5, 0),
(156, 'r2w_36206055', '20.00000', '+', '7', '0.00', '2016-01-24 07:05:47', 5, 0),
(157, 'r2w_46633911', '12.00000', '-', '7', '0.24', '2016-01-24 07:08:16', 5, 0),
(158, 'r2w_6707764', '12.00000', '+', '7', '0.00', '2016-01-24 07:08:16', 5, 0),
(159, 'r2w_9445191', '12.00000', '-', '7', '0.24', '2016-01-24 07:11:59', 5, 0),
(160, 'r2w_68762207', '12.00000', '+', '7', '0.00', '2016-01-24 07:11:59', 5, 0),
(161, 'r2w_76504516', '25.00000', '-', '7', '0.50', '2016-01-24 07:13:53', 5, 0),
(162, 'r2w_18853760', '25.00000', '+', '7', '0.00', '2016-01-24 07:13:53', 5, 0),
(163, 'r2w_64608765', '10.00000', '-', '7', '0.20', '2016-01-24 07:20:08', 5, 0),
(164, 'r2w_87841796', '10.00000', '+', '7', '0.00', '2016-01-24 07:20:08', 5, 0),
(165, 'r2w_37429810', '500.00000', '-', '7', '10.00', '2016-01-24 07:23:21', 5, 0),
(166, 'r2w_15960694', '500.00000', '+', '7', '0.00', '2016-01-24 07:23:21', 5, 0),
(167, 'r2w_80514526', '50.00000', '-', '7', '1.00', '2016-01-24 07:26:43', 5, 0),
(168, 'r2w_27819824', '50.00000', '+', '7', '0.00', '2016-01-24 07:26:43', 5, 0),
(169, 'r2w_76284790', '123.00000', '-', '7', '2.46', '2016-01-24 07:28:47', 5, 0),
(170, 'r2w_7403565', '123.00000', '+', '7', '0.00', '2016-01-24 07:28:47', 5, 0),
(171, 'r2w_79037475', '123.00000', '-', '7', '2.46', '2016-01-24 07:29:16', 5, 0),
(172, 'r2w_73071289', '123.00000', '+', '7', '0.00', '2016-01-24 07:29:17', 5, 0),
(173, 'r2w_89944458', '100.00000', '-', '7', '2.00', '2016-01-24 07:29:42', 5, 0),
(174, 'r2w_52557373', '100.00000', '+', '7', '0.00', '2016-01-24 07:29:42', 5, 0),
(175, 'r2w_32052612', '100.00000', '-', '7', '2.00', '2016-01-24 07:30:06', 5, 0),
(176, 'r2w_57971191', '100.00000', '+', '7', '0.00', '2016-01-24 07:30:06', 5, 0),
(177, 'nd_25283814', '700.00000', '-', '11', '0.00', '2016-01-24 07:30:28', 5, 0),
(178, 'drc_60797119', '70.00000', '+', '12', '0.00', '2016-01-24 07:30:28', 3, 5),
(179, 'r2w_61434936', '120.00000', '-', '7', '2.40', '2016-01-24 07:30:48', 5, 0),
(180, 'r2w_66894531', '120.00000', '+', '7', '0.00', '2016-01-24 07:30:48', 5, 0),
(181, 'r2w_79177856', '10.00000', '-', '7', '0.20', '2016-01-24 07:34:36', 5, 0),
(182, 'r2w_91497802', '10.00000', '+', '7', '0.00', '2016-01-24 07:34:36', 5, 0),
(183, 'r2w_39059448', '10.00000', '-', '7', '0.20', '2016-01-24 07:39:50', 5, 0),
(184, 'r2w_34216309', '10.00000', '+', '7', '0.00', '2016-01-24 07:39:51', 5, 0),
(185, 'r2w_98501586', '20.00000', '-', '7', '0.40', '2016-01-24 07:41:26', 5, 0),
(186, 'r2w_54034424', '20.00000', '+', '7', '0.00', '2016-01-24 07:41:26', 5, 0),
(187, 'r2w_86801147', '20.00000', '-', '7', '0.40', '2016-01-24 07:46:11', 5, 0),
(188, 'r2w_44311523', '20.00000', '+', '7', '0.00', '2016-01-24 07:46:11', 5, 0),
(189, 'r2w_80130005', '125.00000', '-', '7', '2.50', '2016-01-24 07:46:37', 5, 0),
(190, 'r2w_7781983', '125.00000', '+', '7', '0.00', '2016-01-24 07:46:37', 5, 0),
(191, 'r2w_76535034', '123.00000', '-', '7', '2.46', '2016-01-24 07:50:34', 5, 0),
(192, 'r2w_31555176', '123.00000', '+', '7', '0.00', '2016-01-24 07:50:34', 5, 0),
(193, 'r2w_70938110', '10.00000', '-', '7', '0.20', '2016-01-24 07:54:22', 5, 0),
(194, 'r2w_62115478', '10.00000', '+', '7', '0.00', '2016-01-24 07:54:22', 5, 0),
(195, 'r2w_30136109', '123.00000', '-', '7', '2.46', '2016-01-24 08:03:31', 5, 0),
(196, 'r2w_80322265', '123.00000', '+', '7', '0.00', '2016-01-24 08:03:31', 5, 0),
(197, 'r2w_67800903', '123.00000', '-', '7', '2.46', '2016-01-24 08:16:49', 5, 0),
(198, 'r2w_76409912', '123.00000', '+', '7', '0.00', '2016-01-24 08:16:49', 5, 0),
(199, 'r2w_19479370', '12.00000', '-', '7', '0.24', '2016-01-24 08:42:03', 5, 0),
(200, 'r2w_24987793', '12.00000', '+', '7', '0.00', '2016-01-24 08:42:03', 5, 0),
(201, 'r2w_17593384', '12.00000', '-', '7', '0.24', '2016-01-24 08:42:24', 5, 0),
(202, 'r2w_60040283', '12.00000', '+', '7', '0.00', '2016-01-24 08:42:24', 5, 0),
(203, 'r2w_66439819', '200.00000', '-', '7', '4.00', '2016-01-24 08:51:55', 5, 0),
(204, 'r2w_49926758', '200.00000', '+', '7', '0.00', '2016-01-24 08:51:55', 5, 0),
(205, 'r2w_62496948', '20.00000', '-', '7', '0.40', '2016-01-24 10:20:07', 5, 0),
(206, 'r2w_88903808', '20.00000', '+', '7', '0.00', '2016-01-24 10:20:08', 5, 0),
(207, 'r2w_59439087', '12.00000', '-', '7', '0.24', '2016-01-24 10:21:41', 5, 0),
(208, 'r2w_96221923', '12.00000', '+', '7', '0.00', '2016-01-24 10:21:41', 5, 0),
(209, 'r2w_85238647', '123.00000', '-', '7', '2.46', '2016-01-24 10:23:49', 5, 0),
(210, 'r2w_73999023cp', '123.00000', '+', '7', '0.00', '2016-01-24 10:23:49', 5, 0),
(211, 'r2w_16067505', '10.00000', '-', '7', '0.20', '2016-01-24 10:24:18', 5, 0),
(212, 'r2w_2496948325', '10.00000', '+', '7', '0.00', '2016-01-24 10:24:18', 5, 0),
(213, 'r2w_49972534', '123.00000', '-', '7', '2.46', '2016-01-24 10:26:01', 5, 0),
(214, 'r2w_36242676', '123.00000', '+', '7', '0.00', '2016-01-24 10:26:01', 5, 0),
(215, 'r2w_81875610', '10.00000', '-', '7', '0.20', '2016-01-24 10:29:19', 5, 0),
(216, 'r2w_54302978', '10.00000', '+', '7', '0.00', '2016-01-24 10:29:19', 5, 0),
(217, 'r2w_78573608', '123.00000', '-', '7', '2.46', '2016-01-24 10:32:00', 5, 0),
(218, 'r2w_60009766', '123.00000', '+', '7', '0.00', '2016-01-24 10:32:00', 5, 0),
(219, 'r2w_53738403', '354.00000', '-', '7', '7.08', '2016-01-24 10:33:38', 5, 0),
(220, 'r2w_43597412', '354.00000', '+', '7', '0.00', '2016-01-24 10:33:38', 5, 0),
(221, 'r2w_42916870', '150.00000', '-', '6', '0.00', '2016-01-24 10:56:12', 5, 1),
(222, 'r2r_79675293', '150.00000', '+', '6', '0.00', '2016-01-24 10:56:13', 5, 1),
(223, 'r2w_78530884', '250.95000', '-', '6', '0.00', '2016-01-24 10:58:04', 5, 2),
(224, 'r2r_2227784', '250.95000', '+', '6', '0.00', '2016-01-24 10:58:04', 5, 2),
(225, 'r2w_64877319', '150.00000', '-', '6', '0.00', '2016-01-24 11:14:50', 5, 2),
(226, 'r2r_79614258', '150.00000', '+', '6', '0.00', '2016-01-24 11:14:51', 5, 2),
(227, 'w2w_53128052', '5000.00000', '-', '5', '0.00', '2016-01-24 11:22:41', 5, 11),
(228, 'w2w_89569091', '5000.00000', '+', '5', '0.00', '2016-01-24 11:22:41', 5, 11),
(229, 'r2w_16329956', '200.00000', '-', '6', '0.00', '2016-01-24 11:24:11', 5, 1),
(230, 'r2r_94201660', '200.00000', '+', '6', '0.00', '2016-01-24 11:24:11', 5, 1),
(231, 'r2w_24404907', '30.00000', '-', '6', '0.00', '2016-01-24 11:25:04', 5, 1),
(232, 'r2r_14996338', '30.00000', '+', '6', '0.00', '2016-01-24 11:25:04', 5, 1),
(233, 'w2w_19149781', '36.00000', '-', '5', '0.00', '2016-01-24 11:32:31', 5, 2),
(234, 'w2w_7812500', '36.00000', '+', '5', '0.00', '2016-01-24 11:32:31', 5, 2),
(235, 'r2w_89236450', '120.00000', '-', '7', '2.40', '2016-01-24 12:05:57', 5, 0),
(236, 'r2w_37884522', '120.00000', '+', '7', '0.00', '2016-01-24 12:05:57', 5, 0),
(237, 'r2r_45211792', '36.00000', '-', '6', '0.00', '2016-01-24 12:26:43', 5, 4),
(238, 'r2r_54821777', '36.00000', '+', '6', '0.00', '2016-01-24 12:26:43', 5, 4),
(239, 'r2r_94497680', '200.00000', '-', '6', '0.00', '2016-01-24 12:30:40', 5, 1),
(240, 'r2r_67608642', '200.00000', '+', '6', '0.00', '2016-01-24 12:30:40', 5, 1),
(241, 'r2w_16390992', '50.00000', '-', '7', '1.00', '2016-01-24 12:37:24', 5, 0),
(242, 'r2w_19604492', '50.00000', '+', '7', '0.00', '2016-01-24 12:37:24', 5, 0),
(243, 'r2r_37063599', '220.00000', '-', '6', '0.00', '2016-01-24 12:37:54', 5, 4),
(244, 'r2r_63543701', '220.00000', '+', '6', '0.00', '2016-01-24 12:37:54', 5, 4),
(245, 'r2w_36535645', '50.25000', '-', '7', '1.01', '2016-01-24 12:51:04', 5, 0),
(246, 'r2w_63809204', '50.25000', '+', '7', '0.00', '2016-01-24 12:51:04', 5, 0),
(247, 'w2w_35064697', '2525.00000', '-', '5', '0.00', '2016-01-24 12:56:37', 5, 1),
(248, 'w2w_31600952', '2525.00000', '+', '5', '0.00', '2016-01-24 12:56:37', 5, 1),
(249, 'r2r_89990234', '25.00000', '-', '6', '0.00', '2016-01-24 13:38:47', 5, 4),
(250, 'r2r_71609497', '25.00000', '+', '6', '0.00', '2016-01-24 13:38:47', 5, 4),
(251, 'r2r_41546631', '25.00000', '-', '6', '0.00', '2016-01-24 13:40:13', 5, 11),
(252, 'r2r_69381714', '25.00000', '+', '6', '0.00', '2016-01-24 13:40:13', 5, 11),
(253, 'r2r_14343262', '98.00000', '-', '6', '0.00', '2016-01-24 13:40:37', 5, 1),
(254, 'r2r_7339478', '98.00000', '+', '6', '0.00', '2016-01-24 13:40:38', 5, 1),
(255, 'r2r_92364502', '52.00000', '-', '6', '0.00', '2016-01-24 13:42:40', 5, 1),
(256, 'r2r_39779663', '52.00000', '+', '6', '0.00', '2016-01-24 13:42:40', 5, 1),
(257, 'r2r_93969726', '52.00000', '-', '6', '0.00', '2016-01-24 13:43:47', 5, 1),
(258, 'r2r_67874145', '52.00000', '+', '6', '0.00', '2016-01-24 13:43:47', 5, 1),
(259, 'w2w_46893311', '54.00000', '-', '5', '0.00', '2016-01-24 13:44:59', 5, 1),
(260, 'w2w_14669800', '54.00000', '+', '5', '0.00', '2016-01-24 13:44:59', 5, 1),
(261, 'r2r_14508057', '52.00000', '-', '6', '0.00', '2016-01-24 14:04:55', 5, 1),
(262, 'r2r_15927124', '52.00000', '+', '6', '0.00', '2016-01-24 14:04:55', 5, 1),
(263, 'w2w_6542969', '25.00000', '-', '5', '0.00', '2016-01-24 14:07:34', 5, 2),
(264, 'w2w_857544', '25.00000', '+', '5', '0.00', '2016-01-24 14:07:35', 5, 2),
(265, 'r2w_54583740', '42.00000', '-', '7', '0.84', '2016-01-24 14:09:59', 5, 0),
(266, 'r2w_15426636', '42.00000', '+', '7', '0.00', '2016-01-24 14:09:59', 5, 0),
(267, 'r2w_79351806', '30.00000', '-', '7', '0.60', '2016-01-25 01:17:59', 4, 0),
(268, 'r2w_83895874', '30.00000', '+', '7', '0.00', '2016-01-25 01:17:59', 4, 0),
(269, 'r2w_15136719', '15.00000', '-', '7', '0.30', '2016-01-25 01:30:52', 4, 0),
(270, 'r2w_37576294', '15.00000', '+', '7', '0.00', '2016-01-25 01:30:52', 4, 0),
(271, 'r2w_56927490', '125.00000', '-', '7', '2.50', '2016-01-25 01:37:03', 4, 0),
(272, 'r2w_70895386', '125.00000', '+', '7', '0.00', '2016-01-25 01:37:03', 4, 0),
(273, 'r2w_4333497', '52.00000', '-', '7', '1.04', '2016-01-25 03:08:53', 5, 0),
(274, 'r2w_41275025', '52.00000', '+', '7', '0.00', '2016-01-25 03:08:53', 5, 0),
(275, 'r2w_16339112', '52.00000', '-', '7', '1.04', '2016-01-25 03:09:41', 5, 0),
(276, 'r2w_78012085', '52.00000', '+', '7', '0.00', '2016-01-25 03:09:41', 5, 0),
(277, 'r2w_86303711', '123.00000', '-', '7', '2.46', '2016-01-25 04:02:17', 5, 0),
(278, 'r2w_57278442', '123.00000', '+', '7', '0.00', '2016-01-25 04:02:17', 5, 0),
(279, 'r2w_16961670', '124.00000', '-', '7', '2.48', '2016-01-25 05:35:08', 5, 0),
(280, 'r2w_77120971', '124.00000', '+', '7', '0.00', '2016-01-25 05:35:08', 5, 0),
(281, 'r2w_95422363', '452.00000', '-', '7', '9.04', '2016-01-25 05:36:45', 5, 0),
(282, 'r2w_32461548', '452.00000', '+', '7', '0.00', '2016-01-25 05:36:45', 5, 0),
(283, 'r2w_68170166', '124.00000', '-', '7', '2.48', '2016-01-25 05:37:03', 5, 0),
(284, 'r2w_90097045', '124.00000', '+', '7', '0.00', '2016-01-25 05:37:03', 5, 0),
(285, 'r2w_16064453', '654.00000', '-', '7', '13.08', '2016-01-25 05:37:22', 5, 0),
(286, 'r2w_63699341', '654.00000', '+', '7', '0.00', '2016-01-25 05:37:22', 5, 0),
(287, 'r2w_29339600', '654.00000', '-', '7', '13.08', '2016-01-25 05:37:42', 5, 0),
(288, 'r2w_88815307', '654.00000', '+', '7', '0.00', '2016-01-25 05:37:42', 5, 0),
(289, 'r2w_82604980', '874.00000', '-', '7', '17.48', '2016-01-25 05:38:41', 5, 0),
(290, 'r2w_97866821', '874.00000', '+', '7', '0.00', '2016-01-25 05:38:41', 5, 0),
(291, 'r2w_9844971', '45.00000', '-', '7', '0.90', '2016-01-25 05:39:31', 4, 0),
(292, 'r2w_95150756', '45.00000', '+', '7', '0.00', '2016-01-25 05:39:31', 4, 0),
(293, 'r2w_79418945', '45.00000', '-', '7', '0.90', '2016-01-25 05:40:27', 4, 0),
(294, 'r2w_31838989', '45.00000', '+', '7', '0.00', '2016-01-25 05:40:27', 4, 0),
(295, 'r2w_69061279', '122.00000', '-', '7', '2.44', '2016-01-25 05:44:42', 4, 0),
(296, 'r2w_80978393', '122.00000', '+', '7', '0.00', '2016-01-25 05:44:42', 4, 0),
(297, 'r2r_40881348', '512.00000', '-', '6', '0.00', '2016-01-25 06:24:18', 5, 1),
(298, 'r2r_12490845', '512.00000', '+', '6', '0.00', '2016-01-25 06:24:18', 5, 1),
(299, 'r2w_16363526', '43.00000', '-', '7', '0.86', '2016-01-25 06:27:46', 5, 0),
(300, 'r2w_68173218', '43.00000', '+', '7', '0.00', '2016-01-25 06:27:46', 5, 0),
(301, 'r2w_51367187', '43.00000', '-', '7', '0.86', '2016-01-25 06:29:01', 5, 0),
(302, 'r2w_36697388', '43.00000', '+', '7', '0.00', '2016-01-25 06:29:01', 5, 0),
(303, 'r2w_11126709', '12.00000', '-', '7', '0.24', '2016-01-25 06:30:27', 5, 0),
(304, 'r2w_28610230', '12.00000', '+', '7', '0.00', '2016-01-25 06:30:27', 5, 0),
(305, 'r2w_45251465', '254.00000', '-', '7', '5.08', '2016-01-25 06:35:27', 5, 0),
(306, 'r2w_51333618', '254.00000', '+', '7', '0.00', '2016-01-25 06:35:27', 5, 0),
(307, 'r2w_62725830', '254.00000', '-', '7', '5.08', '2016-01-25 06:36:15', 5, 0),
(308, 'r2w_84164428', '254.00000', '+', '7', '0.00', '2016-01-25 06:36:15', 5, 0),
(309, 'r2r_6909180', '21.00000', '-', '6', '0.00', '2016-01-25 08:01:48', 5, 1),
(310, 'r2r_53274536', '21.00000', '+', '6', '0.00', '2016-01-25 08:01:48', 5, 1),
(311, 'w2w_30535889', '52.00000', '-', '5', '0.00', '2016-01-25 08:02:18', 5, 11),
(312, 'w2w_6710816', '52.00000', '+', '5', '0.00', '2016-01-25 08:02:18', 5, 11),
(313, 'r2r_70715332', '450.00000', '-', '6', '0.00', '2016-01-25 09:00:31', 5, 4),
(314, 'r2r_89395141', '450.00000', '+', '6', '0.00', '2016-01-25 09:00:31', 5, 4),
(315, 'w2w_23931885', '321.00000', '-', '5', '0.00', '2016-01-25 09:21:26', 5, 1),
(316, 'w2w_18124390', '321.00000', '+', '5', '0.00', '2016-01-25 09:21:26', 5, 1),
(317, 'r2w_21044922', '20.00000', '-', '7', '0.40', '2016-01-25 09:22:27', 5, 0),
(318, 'r2w_56570435', '20.00000', '+', '7', '0.00', '2016-01-25 09:22:27', 5, 0),
(319, 'r2r_2288819', '200.00000', '-', '6', '0.00', '2016-01-25 09:23:50', 5, 1),
(320, 'r2r_90280151', '200.00000', '+', '6', '0.00', '2016-01-25 09:23:50', 5, 1),
(321, 'w2w_92272949', '240.00000', '-', '5', '0.00', '2016-01-25 09:24:40', 5, 11),
(322, 'w2w_1675416', '240.00000', '+', '5', '0.00', '2016-01-25 09:24:40', 5, 11),
(323, 'r2r_74981689', '10000.00000', '-', '6', '0.00', '2016-01-25 09:35:49', 5, 11),
(324, 'r2r_45053101', '10000.00000', '+', '6', '0.00', '2016-01-25 09:35:49', 5, 11),
(325, 'nd_68774414', '300.00000', '-', '11', '0.00', '2016-01-25 11:13:59', 5, 0),
(326, 'drc_21585083', '30.00000', '+', '12', '0.00', '2016-01-25 11:14:00', 3, 5),
(327, 'w2w_1385499', '200.00000', '-', '5', '0.00', '2016-01-25 11:15:07', 5, 1),
(328, 'w2w_54318237', '200.00000', '+', '5', '0.00', '2016-01-25 11:15:07', 5, 1),
(329, 'r2w_84924316', '100.00000', '-', '7', '2.00', '2016-01-25 11:15:34', 5, 0),
(330, 'r2w_63174438', '100.00000', '+', '7', '0.00', '2016-01-25 11:15:34', 5, 0);

-- --------------------------------------------------------

--
-- Table structure for table `users`
--

CREATE TABLE `users` (
  `id` int(10) UNSIGNED NOT NULL,
  `username` varchar(255) COLLATE utf8_unicode_ci NOT NULL,
  `full_name` varchar(255) COLLATE utf8_unicode_ci NOT NULL,
  `gender` varchar(255) COLLATE utf8_unicode_ci NOT NULL,
  `email` varchar(255) COLLATE utf8_unicode_ci NOT NULL,
  `password` varchar(60) COLLATE utf8_unicode_ci NOT NULL,
  `remember_token` varchar(100) COLLATE utf8_unicode_ci DEFAULT NULL,
  `address` varchar(255) COLLATE utf8_unicode_ci NOT NULL,
  `phone_number` varchar(255) COLLATE utf8_unicode_ci NOT NULL,
  `country` varchar(255) COLLATE utf8_unicode_ci NOT NULL,
  `account_no` varchar(255) COLLATE utf8_unicode_ci NOT NULL,
  `referrar_id` int(10) UNSIGNED NOT NULL,
  `upline_id` int(10) UNSIGNED NOT NULL,
  `user_type` varchar(255) COLLATE utf8_unicode_ci NOT NULL,
  `pin` varchar(255) COLLATE utf8_unicode_ci NOT NULL,
  `is_block` varchar(255) COLLATE utf8_unicode_ci NOT NULL DEFAULT 'n',
  `block_issue` varchar(255) COLLATE utf8_unicode_ci DEFAULT NULL,
  `last_login_ip` varchar(255) COLLATE utf8_unicode_ci DEFAULT NULL,
  `is_logged` tinyint(4) DEFAULT NULL,
  `status` tinyint(4) NOT NULL,
  `signup_date` timestamp NOT NULL DEFAULT '0000-00-00 00:00:00',
  `last_login_time` timestamp NOT NULL DEFAULT '0000-00-00 00:00:00'
) ENGINE=InnoDB DEFAULT CHARSET=utf8 COLLATE=utf8_unicode_ci;

--
-- Dumping data for table `users`
--

INSERT INTO `users` (`id`, `username`, `full_name`, `gender`, `email`, `password`, `remember_token`, `address`, `phone_number`, `country`, `account_no`, `referrar_id`, `upline_id`, `user_type`, `pin`, `is_block`, `block_issue`, `last_login_ip`, `is_logged`, `status`, `signup_date`, `last_login_time`) VALUES
(1, 'rinto', 'rinto sarkar', 'Male', 'rinto.sp@gmail.com', '$2y$10$4MfOiLqcDF1FfLOZ2g/FVuVco.xGenUWLOT5GXi2RFciebq5ZjvoC', 'lA70I6Ud2pSciM2KkJuD47XrmIOUTumEY0XwHri5YYIes1xwLibth2E6U5ad', 'Dhaka', 'Dhaka', 'Bangladesh', '521452214', 0, 0, '', '', 'n', NULL, NULL, 0, 1, '0000-00-00 00:00:00', '0000-00-00 00:00:00'),
(2, 'hemaet', 'hemaet', 'male', 'hemaet07@gmail.com', '$2y$10$5YBXn8Ew2/zukuf3xf0Z/e6FcI7uY5VS00uk9./f/HVr0UmMNPlgC', 'MKmngwxVriOeF2r0bOj5tJB8x4tJ7U0dfEvzOIwGWHnoiDmY4kH8zOQNbv6k', 'dhaka,dhaka', '01676670862', 'BD', '555210', 1, 1, '', '123', 'n', NULL, NULL, 0, 1, '2016-01-21 05:16:16', '2016-01-21 05:16:16'),
(3, 'rony', 'rony', 'male', 'rony@yahoo.com', '$2y$10$A616oApmSZPk1efBUw.jhOsCjSGE3w3iwYI294UkVnN2258kSg0yG', 'Eba6jIc0CDIbT5QwNjD8Pp11KEOaQXjzmDs5KeuCihV0S1TJ36B4ky3keBLp', 'dhaka,dhaka', '01625485214', 'BS', '555210', 1, 1, '', '123', 'n', NULL, NULL, 0, 0, '2016-01-21 05:29:17', '2016-01-21 05:29:17'),
(4, 'shimu', 'shimu', 'female', 'shimu@gmail.com', '$2y$10$6vecyLp2NEvkgwjEE7DrAejzDwEjknMvxcFVJd0KwZ7rHTlUGb.SS', 'Fvxk86Re07E747RyzE1s63DApZ76uUKkUKnHmSgSeRnsdCMP9YWbAxi2mzLH', 'dhaka,dhaka', '01236521452', 'BD', '555210', 1, 2, '', '123', 'n', NULL, NULL, 0, 1, '2016-01-21 05:31:05', '2016-01-21 05:31:05'),
(5, 'mishu', 'mishu', 'male', 'misu@ymail.com', '$2y$10$EoXbkzXP5YgNawxmkvCNy.0kl4YvU39K3yI77D4NqlcAkIEyJ/UAO', 'NeNPregUcCcy3b2MAheYXKwD9mv8C0gl6YUXPHyBPOgfxs5yEmlkEgGlsZ92', 'Munshiganj,Dhaka', '03214521452', 'BD', '555210', 3, 4, '', '123', 'n', NULL, '::1', 0, 1, '2016-01-21 05:32:27', '2016-01-21 05:49:20'),
(6, 'abul', 'abul', 'male', 'abul@gmail.com', '$2y$10$VYjK5bZgvbLLEVopoeQrHOuufEhbYC5onccGErBsbpajR3xAHUFn.', '8AuIonyBnBbMC4LToIrJJIvmj0lxibJ6W2n6YZBD10ccOM9HTkJmdB18ikZn', 'dhaka,dhak', '01911708972', 'BD', '555210', 2, 2, '', '123', 'n', NULL, NULL, 0, 0, '2016-01-23 03:05:25', '2016-01-23 03:05:25'),
(7, 'nasir', 'nasir', 'male', 'nasir@ymail.com', '$2y$10$lCOusQFDh0NXJU6EJ003ue2BNZzpmG6yyOozohvspot3cSFm92B2W', 'jbucTYyOqQkdQzqnlLKjRwk6XyOB8Tc3V89vAy9gQvbPV1vk6kyvSBaQDbfO', 'dhaka,dhaka', '01911708972', 'BD', '555210', 4, 3, '', '123', 'n', NULL, NULL, 0, 0, '2016-01-23 03:06:59', '2016-01-23 03:06:59'),
(8, 'delowar', 'delowar', 'male', 'delowar@gmail.com', '$2y$10$VV2uh0Vds6J2Nd/44KMi4OT2GeRg59kQtQU22GSYurtnNwp.RDBiW', 'kx6gsHMhivAuFXQYxp9xxfUTCupB6xXPXJNxGuNE', 'dhaka,dhaka', '01911708972', 'BD', '555210', 5, 3, '', '123', 'n', NULL, NULL, NULL, 0, '2016-01-23 03:07:57', '2016-01-23 03:07:57'),
(9, 'sabuj', 'sabuj', 'male', 'sabuj@gmail.com', '$2y$10$T9IvGjT3re8WEXC5gEZ3b.eWWGDHtJTjc4BgOvbtnWCBN6W8OJ4ka', 'kx6gsHMhivAuFXQYxp9xxfUTCupB6xXPXJNxGuNE', 'dhaka,dhak', '01911708972', 'BD', '555210', 6, 5, '', '123', 'n', NULL, NULL, NULL, 0, '2016-01-23 03:09:34', '2016-01-23 03:09:34'),
(10, 'mehedi', 'mehedi', 'male', 'mehedi@gmail.com', '$2y$10$S5X0zII0Fl1WKJ5.VW.kX.k0v79GWfxrSE.NfocskJb/hErEE.RgK', '1EK3UHc5xY2oEhRmuJtbL2jgdALrBm669RcvH3t8Za33JzHAdnJoaHvcBeqa', 'dhaka,dhaka', '01911708972', 'BD', '555210', 6, 7, '', '123', 'n', NULL, NULL, 0, 0, '2016-01-23 03:11:00', '2016-01-23 03:11:00'),
(11, 'tahmid', 'tahmid', 'male', 'tahmid@gmail.com', '$2y$10$MnxUWF/hZJ6gHdeS2CHhPOu2p6MynbXGMqXtExvZbchCpbm9feWUC', 'FVFXHAYLdiBi0eLfaE29n2Rs1rrFbUZQ3DDEilhgNb7y10rMsEjEDZ22RKGE', 'dhaka,dhaka', '01911708972', 'BD', '555210', 7, 9, '', '123', 'n', NULL, NULL, 0, 0, '2016-01-23 03:12:13', '2016-01-23 03:12:13');

-- --------------------------------------------------------

--
-- Table structure for table `withdrawals`
--

CREATE TABLE `withdrawals` (
  `id` int(10) UNSIGNED NOT NULL,
  `amount` decimal(10,5) NOT NULL,
  `wdrl_chrg` decimal(10,2) NOT NULL,
  `amount_type` tinyint(4) NOT NULL,
  `request_date` timestamp NOT NULL DEFAULT '0000-00-00 00:00:00',
  `response_date` timestamp NOT NULL DEFAULT '0000-00-00 00:00:00',
  `user_id` int(10) UNSIGNED NOT NULL,
  `status` varchar(255) COLLATE utf8_unicode_ci NOT NULL,
  `withdraw_by` varchar(255) COLLATE utf8_unicode_ci NOT NULL,
  `tnx_id` varchar(255) COLLATE utf8_unicode_ci NOT NULL
) ENGINE=InnoDB DEFAULT CHARSET=utf8 COLLATE=utf8_unicode_ci;

--
-- Indexes for dumped tables
--

--
-- Indexes for table `accounts`
--
ALTER TABLE `accounts`
  ADD PRIMARY KEY (`id`),
  ADD KEY `accounts_user_id_foreign` (`user_id`);

--
-- Indexes for table `carries`
--
ALTER TABLE `carries`
  ADD PRIMARY KEY (`id`),
  ADD KEY `carries_user_id_foreign` (`user_id`);

--
-- Indexes for table `deposits`
--
ALTER TABLE `deposits`
  ADD PRIMARY KEY (`id`),
  ADD KEY `deposits_user_id_foreign` (`user_id`);

--
-- Indexes for table `downlines`
--
ALTER TABLE `downlines`
  ADD PRIMARY KEY (`id`),
  ADD KEY `downlines_user_id_foreign` (`user_id`);

--
-- Indexes for table `news`
--
ALTER TABLE `news`
  ADD PRIMARY KEY (`id`),
  ADD KEY `news_user_id_foreign` (`user_id`);

--
-- Indexes for table `password_resets`
--
ALTER TABLE `password_resets`
  ADD KEY `password_resets_email_index` (`email`),
  ADD KEY `password_resets_token_index` (`token`);

--
-- Indexes for table `permissions`
--
ALTER TABLE `permissions`
  ADD PRIMARY KEY (`id`);

--
-- Indexes for table `permission_role`
--
ALTER TABLE `permission_role`
  ADD PRIMARY KEY (`role_id`,`permission_id`),
  ADD KEY `permission_role_permission_id_foreign` (`permission_id`);

--
-- Indexes for table `roirecords`
--
ALTER TABLE `roirecords`
  ADD PRIMARY KEY (`id`),
  ADD KEY `roirecords_deposit_id_foreign` (`deposit_id`);

--
-- Indexes for table `roles`
--
ALTER TABLE `roles`
  ADD PRIMARY KEY (`id`);

--
-- Indexes for table `role_user`
--
ALTER TABLE `role_user`
  ADD PRIMARY KEY (`role_id`,`user_id`),
  ADD KEY `user_role_user_id_foreign` (`user_id`);

--
-- Indexes for table `supports`
--
ALTER TABLE `supports`
  ADD PRIMARY KEY (`id`),
  ADD KEY `supports_user_id_foreign` (`user_id`);

--
-- Indexes for table `transactions`
--
ALTER TABLE `transactions`
  ADD PRIMARY KEY (`id`),
  ADD KEY `transactions_user_id_foreign` (`user_id`);

--
-- Indexes for table `users`
--
ALTER TABLE `users`
  ADD PRIMARY KEY (`id`),
  ADD UNIQUE KEY `users_username_unique` (`username`);

--
-- Indexes for table `withdrawals`
--
ALTER TABLE `withdrawals`
  ADD PRIMARY KEY (`id`),
  ADD KEY `withdrawals_user_id_foreign` (`user_id`);

--
-- AUTO_INCREMENT for dumped tables
--

--
-- AUTO_INCREMENT for table `accounts`
--
ALTER TABLE `accounts`
  MODIFY `id` int(10) UNSIGNED NOT NULL AUTO_INCREMENT, AUTO_INCREMENT=12;
--
-- AUTO_INCREMENT for table `carries`
--
ALTER TABLE `carries`
  MODIFY `id` int(10) UNSIGNED NOT NULL AUTO_INCREMENT, AUTO_INCREMENT=12;
--
-- AUTO_INCREMENT for table `deposits`
--
ALTER TABLE `deposits`
  MODIFY `id` int(10) UNSIGNED NOT NULL AUTO_INCREMENT, AUTO_INCREMENT=18;
--
-- AUTO_INCREMENT for table `downlines`
--
ALTER TABLE `downlines`
  MODIFY `id` int(10) UNSIGNED NOT NULL AUTO_INCREMENT, AUTO_INCREMENT=12;
--
-- AUTO_INCREMENT for table `news`
--
ALTER TABLE `news`
  MODIFY `id` int(10) UNSIGNED NOT NULL AUTO_INCREMENT;
--
-- AUTO_INCREMENT for table `permissions`
--
ALTER TABLE `permissions`
  MODIFY `id` int(10) UNSIGNED NOT NULL AUTO_INCREMENT, AUTO_INCREMENT=3;
--
-- AUTO_INCREMENT for table `roirecords`
--
ALTER TABLE `roirecords`
  MODIFY `id` int(10) UNSIGNED NOT NULL AUTO_INCREMENT, AUTO_INCREMENT=171;
--
-- AUTO_INCREMENT for table `roles`
--
ALTER TABLE `roles`
  MODIFY `id` int(10) UNSIGNED NOT NULL AUTO_INCREMENT, AUTO_INCREMENT=4;
--
-- AUTO_INCREMENT for table `supports`
--
ALTER TABLE `supports`
  MODIFY `id` int(10) UNSIGNED NOT NULL AUTO_INCREMENT;
--
-- AUTO_INCREMENT for table `transactions`
--
ALTER TABLE `transactions`
  MODIFY `id` int(10) UNSIGNED NOT NULL AUTO_INCREMENT, AUTO_INCREMENT=331;
--
-- AUTO_INCREMENT for table `users`
--
ALTER TABLE `users`
  MODIFY `id` int(10) UNSIGNED NOT NULL AUTO_INCREMENT, AUTO_INCREMENT=12;
--
-- AUTO_INCREMENT for table `withdrawals`
--
ALTER TABLE `withdrawals`
  MODIFY `id` int(10) UNSIGNED NOT NULL AUTO_INCREMENT;
--
-- Constraints for dumped tables
--

--
-- Constraints for table `accounts`
--
ALTER TABLE `accounts`
  ADD CONSTRAINT `accounts_user_id_foreign` FOREIGN KEY (`user_id`) REFERENCES `users` (`id`) ON DELETE CASCADE;

--
-- Constraints for table `carries`
--
ALTER TABLE `carries`
  ADD CONSTRAINT `carries_user_id_foreign` FOREIGN KEY (`user_id`) REFERENCES `users` (`id`) ON DELETE CASCADE;

--
-- Constraints for table `deposits`
--
ALTER TABLE `deposits`
  ADD CONSTRAINT `deposits_user_id_foreign` FOREIGN KEY (`user_id`) REFERENCES `users` (`id`) ON DELETE CASCADE;

--
-- Constraints for table `downlines`
--
ALTER TABLE `downlines`
  ADD CONSTRAINT `downlines_user_id_foreign` FOREIGN KEY (`user_id`) REFERENCES `users` (`id`) ON DELETE CASCADE;

--
-- Constraints for table `news`
--
ALTER TABLE `news`
  ADD CONSTRAINT `news_user_id_foreign` FOREIGN KEY (`user_id`) REFERENCES `users` (`id`) ON DELETE CASCADE;

--
-- Constraints for table `permission_role`
--
ALTER TABLE `permission_role`
  ADD CONSTRAINT `permission_role_permission_id_foreign` FOREIGN KEY (`permission_id`) REFERENCES `permissions` (`id`) ON DELETE CASCADE,
  ADD CONSTRAINT `permission_role_role_id_foreign` FOREIGN KEY (`role_id`) REFERENCES `roles` (`id`) ON DELETE CASCADE;

--
-- Constraints for table `roirecords`
--
ALTER TABLE `roirecords`
  ADD CONSTRAINT `roirecords_deposit_id_foreign` FOREIGN KEY (`deposit_id`) REFERENCES `deposits` (`id`) ON DELETE CASCADE;

--
-- Constraints for table `role_user`
--
ALTER TABLE `role_user`
  ADD CONSTRAINT `user_role_role_id_foreign` FOREIGN KEY (`role_id`) REFERENCES `roles` (`id`) ON DELETE CASCADE,
  ADD CONSTRAINT `user_role_user_id_foreign` FOREIGN KEY (`user_id`) REFERENCES `users` (`id`) ON DELETE CASCADE;

--
-- Constraints for table `supports`
--
ALTER TABLE `supports`
  ADD CONSTRAINT `supports_user_id_foreign` FOREIGN KEY (`user_id`) REFERENCES `users` (`id`) ON DELETE CASCADE;

--
-- Constraints for table `transactions`
--
ALTER TABLE `transactions`
  ADD CONSTRAINT `transactions_user_id_foreign` FOREIGN KEY (`user_id`) REFERENCES `users` (`id`) ON DELETE CASCADE;

--
-- Constraints for table `withdrawals`
--
ALTER TABLE `withdrawals`
  ADD CONSTRAINT `withdrawals_user_id_foreign` FOREIGN KEY (`user_id`) REFERENCES `users` (`id`) ON DELETE CASCADE;

/*!40101 SET CHARACTER_SET_CLIENT=@OLD_CHARACTER_SET_CLIENT */;
/*!40101 SET CHARACTER_SET_RESULTS=@OLD_CHARACTER_SET_RESULTS */;
/*!40101 SET COLLATION_CONNECTION=@OLD_COLLATION_CONNECTION */;
